bot1,bot2,wins,draws,losses,win.perc
0.001,0.001,146,104,138,0.5103092783505154
0.002,0.001,268,48,84,0.73
0.002,0.002,184,46,168,0.5201005025125628
0.004,0.001,347,15,38,0.88625
0.004,0.002,0,0,0,0.0
0.004,0.004,76,22,80,0.4887640449438202
0.008,0.001,0,0,0,0.0
0.008,0.002,0,0,0,0.0
0.008,0.004,0,0,0,0.0
0.008,0.008,67,18,93,0.42696629213483145
0.016,0.001,0,0,0,0.0
0.016,0.002,0,0,0,0.0
0.016,0.004,0,0,0,0.0
0.016,0.008,0,0,0,0.0
0.016,0.016,69,19,88,0.4460227272727273
0.032,0.001,0,0,0,0.0
0.032,0.002,0,0,0,0.0
0.032,0.004,0,0,0,0.0
0.032,0.008,2,0,0,1.0
0.032,0.016,0,0,0,0.0
0.032,0.032,0,0,0,0.0
0.064,0.001,0,0,0,0.0
0.064,0.002,0,0,0,0.0
0.064,0.004,0,0,0,0.0
0.064,0.008,0,0,0,0.0
0.064,0.016,0,0,0,0.0
0.064,0.032,0,0,0,0.0
0.064,0.064,0,0,0,0.0
0.128,0.001,0,0,0,0.0
0.128,0.002,0,0,0,0.0
0.128,0.004,0,0,0,0.0
0.128,0.008,0,0,0,0.0
0.128,0.016,0,0,0,0.0
0.128,0.032,0,0,0,0.0
0.128,0.064,0,0,0,0.0
0.128,0.128,0,0,0,0.0
0.256,0.001,0,0,0,0.0
0.256,0.002,0,0,0,0.0
0.256,0.004,0,0,0,0.0
0.256,0.008,0,0,0,0.0
0.256,0.016,0,0,0,0.0
0.256,0.032,0,0,0,0.0
0.256,0.064,0,0,0,0.0
0.256,0.128,110,18,44,0.6918604651162791
0.256,0.256,0,0,0,0.0
0.512,0.001,0,0,0,0.0
0.512,0.002,0,0,0,0.0
0.512,0.004,0,0,0,0.0
0.512,0.008,0,0,0,0.0
0.512,0.016,0,0,0,0.0
0.512,0.032,0,0,0,0.0
0.512,0.064,0,0,0,0.0
0.512,0.128,0,0,0,0.0
0.512,0.256,49,15,36,0.565
0.512,0.512,0,0,0,0.0
1.024,0.001,0,0,0,0.0
1.024,0.002,0,0,0,0.0
1.024,0.004,0,0,0,0.0
1.024,0.008,0,0,0,0.0
1.024,0.016,0,0,0,0.0
1.024,0.032,0,0,0,0.0
1.024,0.064,0,0,0,0.0
1.024,0.128,0,0,0,0.0
1.024,0.256,0,0,0,0.0
1.024,0.512,0,0,0,0.0
1.024,1.024,0,0,0,0.0
